{"count":1,"gauges":{},"self":26.41112,"total":28.233985299999997,"children":{"AgentResetIfDone":{"count":1331,"self":0.0278676,"total":0.0278676,"children":null},"AgentSendState":{"count":1331,"self":0.078576399999999991,"total":0.24284599999999998,"children":{"CollectObservations":{"count":5324,"self":0.1642696,"total":0.1642696,"children":null}}},"DecideAction":{"count":1331,"self":1.5246385999999998,"total":1.5246385999999998,"children":null},"AcademyStep":{"count":1331,"self":0.0072724999999999995,"total":0.0072724999999999995,"children":null},"AgentAct":{"count":1331,"self":0.0192442,"total":0.0192442,"children":null}}}